<?xml version="1.0" encoding="UTF-8"?>
<project-private xmlns="http://www.netbeans.org/ns/project-private/1">
    <editor-bookmarks xmlns="http://www.netbeans.org/ns/editor-bookmarks/2" lastBookmarkId="0"/>
    <open-files xmlns="http://www.netbeans.org/ns/projectui-open-files/2">
        <group>
            <file>file:/C:/Users/PC/Downloads/makeaholic%20(1)/makeaholic/src/negocio/usuariosControl.java</file>
            <file>file:/C:/Users/PC/Downloads/makeaholic%20(1)/makeaholic/src/presentacion/FrmCliente.java</file>
            <file>file:/C:/Users/PC/Downloads/makeaholic%20(1)/makeaholic/src/datos/usuariosDao.java</file>
            <file>file:/C:/Users/PC/Downloads/makeaholic%20(1)/makeaholic/src/entidades/usuarios.java</file>
            <file>file:/C:/Users/PC/Downloads/makeaholic%20(1)/makeaholic/src/presentacion/FrmPrincipal.java</file>
            <file>file:/C:/Users/PC/Downloads/makeaholic%20(1)/makeaholic/src/database/conexion.java</file>
        </group>
    </open-files>
</project-private>
